architecture_family,architecture_model,source_inventory_group,sweep_id,run_id,run_status,generation,warm_start_index,generation_wallclock_utc,generation_elapsed_minutes,popsize,n_valid_this_gen,total_generated_this_gen,eval_counter,eval_id_start,eval_id_end,gen_best_loss,best_loss_so_far,generations_without_improvement,sigma,source_log_path
E88 normal rerun,e88,fresh_corrected_1300m,redo_1300m_e88,redo_1300m_e88,partial_in_flight_no_results_json,0,0,2026-05-30T16:28:33Z,0,8,8,192,8,0,7,6.21238333333,6.21238333333,0,0.340403390859,/home/erikg/emender/experiments/local/cmaes_redo_1300m_20260529/e88/e88_20260530_151323/generations.jsonl
E88 normal rerun,e88,fresh_corrected_1300m,redo_1300m_e88,redo_1300m_e88,partial_in_flight_no_results_json,1,0,2026-05-30T17:24:43Z,56.1666666667,8,6,320,14,8,13,6.25950465116,6.21238333333,1,0.3327507069,/home/erikg/emender/experiments/local/cmaes_redo_1300m_20260529/e88/e88_20260530_151323/generations.jsonl
E88 normal rerun,e88,fresh_corrected_1300m,redo_1300m_e88,redo_1300m_e88,partial_in_flight_no_results_json,2,0,2026-05-30T18:02:24Z,93.85,8,5,320,19,14,18,6.24471666667,6.21238333333,2,0.310972873159,/home/erikg/emender/experiments/local/cmaes_redo_1300m_20260529/e88/e88_20260530_151323/generations.jsonl
E88 normal rerun,e88,fresh_corrected_1300m,redo_1300m_e88,redo_1300m_e88,partial_in_flight_no_results_json,3,0,2026-05-30T18:50:25Z,141.866666667,8,5,320,24,19,23,6.18878306452,6.18878306452,0,0.337619185705,/home/erikg/emender/experiments/local/cmaes_redo_1300m_20260529/e88/e88_20260530_151323/generations.jsonl
E88 normal rerun,e88,fresh_corrected_1300m,redo_1300m_e88,redo_1300m_e88,partial_in_flight_no_results_json,4,0,2026-05-30T19:08:36Z,160.05,8,2,320,26,24,25,6.35313333333,6.18878306452,0,0.337619185705,/home/erikg/emender/experiments/local/cmaes_redo_1300m_20260529/e88/e88_20260530_151323/generations.jsonl
E88 normal rerun,e88,fresh_corrected_1300m,redo_1300m_e88,redo_1300m_e88,partial_in_flight_no_results_json,5,0,2026-05-30T19:24:58Z,176.416666667,8,2,320,28,26,27,6.10860509554,6.10860509554,0,0.337619185705,/home/erikg/emender/experiments/local/cmaes_redo_1300m_20260529/e88/e88_20260530_151323/generations.jsonl
E88 normal rerun,e88,fresh_corrected_1300m,redo_1300m_e88,redo_1300m_e88,partial_in_flight_no_results_json,6,0,2026-05-30T19:57:03Z,208.5,8,4,320,32,28,31,6.38799537037,6.10860509554,1,0.342586480181,/home/erikg/emender/experiments/local/cmaes_redo_1300m_20260529/e88/e88_20260530_151323/generations.jsonl
E97 normal,e97,fresh_corrected_1300m,redo_1300m_e97,redo_1300m_e97,complete_usable,0,0,2026-05-29T16:31:00Z,0,8,8,416,8,0,7,5.99803255814,5.99803255814,0,0.277205016306,/home/erikg/emender/experiments/local/cmaes_redo_1300m_20260529/e97/e97_20260529_152252/generations.jsonl
E97 normal,e97,fresh_corrected_1300m,redo_1300m_e97,redo_1300m_e97,complete_usable,1,0,2026-05-29T17:41:50Z,70.8333333333,8,8,432,16,8,15,6.17101447368,5.99803255814,1,0.254129988523,/home/erikg/emender/experiments/local/cmaes_redo_1300m_20260529/e97/e97_20260529_152252/generations.jsonl
E97 normal,e97,fresh_corrected_1300m,redo_1300m_e97,redo_1300m_e97,complete_usable,2,0,2026-05-29T18:52:43Z,141.716666667,8,8,448,24,16,23,6.02537529412,5.99803255814,2,0.261865943828,/home/erikg/emender/experiments/local/cmaes_redo_1300m_20260529/e97/e97_20260529_152252/generations.jsonl
E97 normal,e97,fresh_corrected_1300m,redo_1300m_e97,redo_1300m_e97,complete_usable,3,0,2026-05-29T19:58:07Z,207.116666667,8,8,384,32,24,31,6.14711942446,5.99803255814,3,0.256017771027,/home/erikg/emender/experiments/local/cmaes_redo_1300m_20260529/e97/e97_20260529_152252/generations.jsonl
E97 normal,e97,fresh_corrected_1300m,redo_1300m_e97,redo_1300m_e97,complete_usable,4,0,2026-05-29T21:05:08Z,274.133333333,8,8,288,40,32,39,5.98203829787,5.98203829787,0,0.208912878778,/home/erikg/emender/experiments/local/cmaes_redo_1300m_20260529/e97/e97_20260529_152252/generations.jsonl
E97 normal,e97,fresh_corrected_1300m,redo_1300m_e97,redo_1300m_e97,complete_usable,5,0,2026-05-29T22:12:26Z,341.433333333,8,8,336,48,40,47,5.98573163842,5.98203829787,1,0.196852923843,/home/erikg/emender/experiments/local/cmaes_redo_1300m_20260529/e97/e97_20260529_152252/generations.jsonl
E97 normal,e97,fresh_corrected_1300m,redo_1300m_e97,redo_1300m_e97,complete_usable,6,0,2026-05-29T23:17:29Z,406.483333333,8,8,432,56,48,55,6.04238597561,5.98203829787,2,0.184422060573,/home/erikg/emender/experiments/local/cmaes_redo_1300m_20260529/e97/e97_20260529_152252/generations.jsonl
E97 normal,e97,fresh_corrected_1300m,redo_1300m_e97,redo_1300m_e97,complete_usable,7,0,2026-05-30T00:23:42Z,472.7,8,8,496,64,56,63,5.9733408284,5.9733408284,3,0.172710825615,/home/erikg/emender/experiments/local/cmaes_redo_1300m_20260529/e97/e97_20260529_152252/generations.jsonl
E97 linear-state,e97-linear,fresh_corrected_1300m,redo_1300m_e97_linear,redo_1300m_e97_linear,complete_usable,0,0,2026-05-30T12:44:05Z,0,8,8,496,8,0,7,6.22176142322,6.22176142322,0,0.272542929612,/home/erikg/emender/experiments/local/cmaes_redo_1300m_20260529/e97-linear/e97-linear_20260530_113253/generations.jsonl
E97 linear-state,e97-linear,fresh_corrected_1300m,redo_1300m_e97_linear,redo_1300m_e97_linear,complete_usable,1,0,2026-05-30T13:49:52Z,65.7833333333,8,8,352,16,8,15,6.10578782051,6.10578782051,0,0.259626581343,/home/erikg/emender/experiments/local/cmaes_redo_1300m_20260529/e97-linear/e97-linear_20260530_113253/generations.jsonl
E97 linear-state,e97-linear,fresh_corrected_1300m,redo_1300m_e97_linear,redo_1300m_e97_linear,complete_usable,2,0,2026-05-30T14:54:54Z,130.816666667,8,8,560,24,16,23,6.23207877095,6.10578782051,1,0.253425226508,/home/erikg/emender/experiments/local/cmaes_redo_1300m_20260529/e97-linear/e97-linear_20260530_113253/generations.jsonl
E97 linear-state,e97-linear,fresh_corrected_1300m,redo_1300m_e97_linear,redo_1300m_e97_linear,complete_usable,3,0,2026-05-30T15:59:07Z,195.033333333,8,8,688,32,24,31,6.29453371429,6.10578782051,2,0.228159025217,/home/erikg/emender/experiments/local/cmaes_redo_1300m_20260529/e97-linear/e97-linear_20260530_113253/generations.jsonl
E97 linear-state,e97-linear,fresh_corrected_1300m,redo_1300m_e97_linear,redo_1300m_e97_linear,complete_usable,4,0,2026-05-30T17:09:14Z,265.15,8,8,832,40,32,39,6.09674078212,6.09674078212,3,0.191288725166,/home/erikg/emender/experiments/local/cmaes_redo_1300m_20260529/e97-linear/e97-linear_20260530_113253/generations.jsonl
E97 linear-state,e97-linear,fresh_corrected_1300m,redo_1300m_e97_linear,redo_1300m_e97_linear,complete_usable,5,0,2026-05-30T17:59:47Z,315.7,8,8,160,48,40,47,6.14153184713,6.09674078212,4,0.185332232427,/home/erikg/emender/experiments/local/cmaes_redo_1300m_20260529/e97-linear/e97-linear_20260530_113253/generations.jsonl
E97 linear-state,e97-linear,fresh_corrected_1300m,redo_1300m_e97_linear,redo_1300m_e97_linear,complete_usable,6,0,2026-05-30T19:07:40Z,383.583333333,8,8,352,56,48,55,6.13579775281,6.09674078212,5,0.165092658177,/home/erikg/emender/experiments/local/cmaes_redo_1300m_20260529/e97-linear/e97-linear_20260530_113253/generations.jsonl
E97 linear-state,e97-linear,fresh_corrected_1300m,redo_1300m_e97_linear,redo_1300m_e97_linear,complete_usable,7,0,2026-05-30T20:12:47Z,448.7,8,8,400,64,56,63,6.17822091503,6.09674078212,6,0.146154090983,/home/erikg/emender/experiments/local/cmaes_redo_1300m_20260529/e97-linear/e97-linear_20260530_113253/generations.jsonl
E97 raw-update,e97-raw,fresh_corrected_1300m,redo_1300m_e97_raw,redo_1300m_e97_raw,complete_usable,0,0,2026-05-30T01:34:28Z,0,8,8,368,8,0,7,6.16575063291,6.16575063291,0,0.274835172055,/home/erikg/emender/experiments/local/cmaes_redo_1300m_20260529/e97-raw/e97-raw_20260530_002342/generations.jsonl
E97 raw-update,e97-raw,fresh_corrected_1300m,redo_1300m_e97_raw,redo_1300m_e97_raw,complete_usable,1,0,2026-05-30T02:38:41Z,64.2166666667,8,8,416,16,8,15,6.18274666667,6.16575063291,1,0.268685964807,/home/erikg/emender/experiments/local/cmaes_redo_1300m_20260529/e97-raw/e97-raw_20260530_002342/generations.jsonl
E97 raw-update,e97-raw,fresh_corrected_1300m,redo_1300m_e97_raw,redo_1300m_e97_raw,complete_usable,2,0,2026-05-30T03:45:49Z,131.35,8,8,608,24,16,23,6.08308869048,6.08308869048,0,0.249040156739,/home/erikg/emender/experiments/local/cmaes_redo_1300m_20260529/e97-raw/e97-raw_20260530_002342/generations.jsonl
E97 raw-update,e97-raw,fresh_corrected_1300m,redo_1300m_e97_raw,redo_1300m_e97_raw,complete_usable,3,0,2026-05-30T04:52:51Z,198.383333333,8,8,528,32,24,31,6.19624849498,6.08308869048,1,0.221932743724,/home/erikg/emender/experiments/local/cmaes_redo_1300m_20260529/e97-raw/e97-raw_20260530_002342/generations.jsonl
E97 raw-update,e97-raw,fresh_corrected_1300m,redo_1300m_e97_raw,redo_1300m_e97_raw,complete_usable,4,0,2026-05-30T05:58:33Z,264.083333333,8,8,320,40,32,39,6.14220927835,6.08308869048,2,0.203773032175,/home/erikg/emender/experiments/local/cmaes_redo_1300m_20260529/e97-raw/e97-raw_20260530_002342/generations.jsonl
E97 raw-update,e97-raw,fresh_corrected_1300m,redo_1300m_e97_raw,redo_1300m_e97_raw,complete_usable,5,0,2026-05-30T07:04:05Z,329.616666667,8,8,192,48,40,47,6.09004651163,6.08308869048,3,0.21038687251,/home/erikg/emender/experiments/local/cmaes_redo_1300m_20260529/e97-raw/e97-raw_20260530_002342/generations.jsonl
E97 raw-update,e97-raw,fresh_corrected_1300m,redo_1300m_e97_raw,redo_1300m_e97_raw,complete_usable,6,0,2026-05-30T08:11:33Z,397.083333333,8,8,224,56,48,55,6.11031290323,6.08308869048,4,0.186902270995,/home/erikg/emender/experiments/local/cmaes_redo_1300m_20260529/e97-raw/e97-raw_20260530_002342/generations.jsonl
E97 raw-update,e97-raw,fresh_corrected_1300m,redo_1300m_e97_raw,redo_1300m_e97_raw,complete_usable,7,0,2026-05-30T09:15:28Z,461,8,8,320,64,56,63,5.95110157895,5.95110157895,0,0.163274675642,/home/erikg/emender/experiments/local/cmaes_redo_1300m_20260529/e97-raw/e97-raw_20260530_002342/generations.jsonl
E97 raw-update,e97-raw,fresh_corrected_1300m,redo_1300m_e97_raw,redo_1300m_e97_raw,complete_usable,8,0,2026-05-30T10:22:49Z,528.35,8,8,352,72,64,71,5.9988375,5.95110157895,1,0.16374286365,/home/erikg/emender/experiments/local/cmaes_redo_1300m_20260529/e97-raw/e97-raw_20260530_002342/generations.jsonl
E97 raw-update,e97-raw,fresh_corrected_1300m,redo_1300m_e97_raw,redo_1300m_e97_raw,complete_usable,9,0,2026-05-30T11:32:53Z,598.416666667,8,8,336,80,72,79,6.06234835165,5.95110157895,2,0.139074047167,/home/erikg/emender/experiments/local/cmaes_redo_1300m_20260529/e97-raw/e97-raw_20260530_002342/generations.jsonl
GDN2,gdn2,fresh_corrected_1300m,redo_1300m_gdn2,redo_1300m_gdn2,complete_usable,0,0,2026-05-29T16:39:59Z,0,8,8,176,8,0,7,6.4740538961,6.4740538961,0,0.221968740966,/home/erikg/emender/experiments/local/cmaes_redo_1300m_20260529/gdn2/gdn2_20260529_152252/generations.jsonl
GDN2,gdn2,fresh_corrected_1300m,redo_1300m_gdn2,redo_1300m_gdn2,complete_usable,1,0,2026-05-29T17:51:51Z,71.8666666667,8,8,160,16,8,15,6.38497961538,6.38497961538,0,0.217809495626,/home/erikg/emender/experiments/local/cmaes_redo_1300m_20260529/gdn2/gdn2_20260529_152252/generations.jsonl
GDN2,gdn2,fresh_corrected_1300m,redo_1300m_gdn2,redo_1300m_gdn2,complete_usable,2,0,2026-05-29T19:06:00Z,146.016666667,8,8,176,24,16,23,6.538984375,6.38497961538,1,0.200474123461,/home/erikg/emender/experiments/local/cmaes_redo_1300m_20260529/gdn2/gdn2_20260529_152252/generations.jsonl
GDN2,gdn2,fresh_corrected_1300m,redo_1300m_gdn2,redo_1300m_gdn2,complete_usable,3,0,2026-05-29T20:20:47Z,220.8,8,8,160,32,24,31,6.45277137255,6.38497961538,2,0.169908211586,/home/erikg/emender/experiments/local/cmaes_redo_1300m_20260529/gdn2/gdn2_20260529_152252/generations.jsonl
GDN2,gdn2,fresh_corrected_1300m,redo_1300m_gdn2,redo_1300m_gdn2,complete_usable,4,0,2026-05-29T21:27:59Z,288,8,8,128,40,32,39,6.4035537037,6.38497961538,3,0.167068544933,/home/erikg/emender/experiments/local/cmaes_redo_1300m_20260529/gdn2/gdn2_20260529_152252/generations.jsonl
GDN2,gdn2,fresh_corrected_1300m,redo_1300m_gdn2,redo_1300m_gdn2,complete_usable,5,0,2026-05-29T22:35:40Z,355.683333333,8,8,224,48,40,47,6.53859854015,6.38497961538,4,0.161431959743,/home/erikg/emender/experiments/local/cmaes_redo_1300m_20260529/gdn2/gdn2_20260529_152252/generations.jsonl
GDN2,gdn2,fresh_corrected_1300m,redo_1300m_gdn2,redo_1300m_gdn2,complete_usable,6,0,2026-05-29T23:45:07Z,425.133333333,8,8,144,56,48,55,6.42200844156,6.38497961538,5,0.155767633716,/home/erikg/emender/experiments/local/cmaes_redo_1300m_20260529/gdn2/gdn2_20260529_152252/generations.jsonl
GDN2,gdn2,fresh_corrected_1300m,redo_1300m_gdn2,redo_1300m_gdn2,complete_usable,7,0,2026-05-30T00:53:56Z,493.95,8,8,112,64,56,63,6.42624945455,6.38497961538,6,0.158389163559,/home/erikg/emender/experiments/local/cmaes_redo_1300m_20260529/gdn2/gdn2_20260529_152252/generations.jsonl
GDN2,gdn2,fresh_corrected_1300m,redo_1300m_gdn2,redo_1300m_gdn2,complete_usable,8,0,2026-05-30T02:00:36Z,560.616666667,8,8,240,72,64,71,6.534105,6.38497961538,7,0.151639582367,/home/erikg/emender/experiments/local/cmaes_redo_1300m_20260529/gdn2/gdn2_20260529_152252/generations.jsonl
GDN2,gdn2,fresh_corrected_1300m,redo_1300m_gdn2,redo_1300m_gdn2,complete_usable,9,0,2026-05-30T03:07:18Z,627.316666667,8,8,96,80,72,79,6.39613284672,6.38497961538,8,0.143355830656,/home/erikg/emender/experiments/local/cmaes_redo_1300m_20260529/gdn2/gdn2_20260529_152252/generations.jsonl
GDN2,gdn2,fresh_corrected_1300m,redo_1300m_gdn2,redo_1300m_gdn2,complete_usable,10,0,2026-05-30T04:11:15Z,691.266666667,8,8,144,88,80,87,6.42049722222,6.38497961538,9,0.129256072599,/home/erikg/emender/experiments/local/cmaes_redo_1300m_20260529/gdn2/gdn2_20260529_152252/generations.jsonl
GDN2,gdn2,fresh_corrected_1300m,redo_1300m_gdn2,redo_1300m_gdn2,complete_usable,11,0,2026-05-30T05:15:20Z,755.35,8,8,80,96,88,95,6.45161764706,6.38497961538,10,0.125453184343,/home/erikg/emender/experiments/local/cmaes_redo_1300m_20260529/gdn2/gdn2_20260529_152252/generations.jsonl
Transformer rerun,transformer,fresh_corrected_1300m,redo_1300m_transformer,redo_1300m_transformer,partial_in_flight_no_results_json,0,0,2026-05-30T06:40:16Z,0,8,8,208,8,0,7,6.88215901639,6.88215901639,0,0.221716951836,/home/erikg/emender/experiments/local/cmaes_redo_1300m_20260529/transformer/transformer_20260530_042721/generations.jsonl
Transformer rerun,transformer,fresh_corrected_1300m,redo_1300m_transformer,redo_1300m_transformer,partial_in_flight_no_results_json,1,0,2026-05-30T08:49:04Z,128.8,8,8,192,16,8,15,6.73697586207,6.73697586207,0,0.227836259586,/home/erikg/emender/experiments/local/cmaes_redo_1300m_20260529/transformer/transformer_20260530_042721/generations.jsonl
Transformer rerun,transformer,fresh_corrected_1300m,redo_1300m_transformer,redo_1300m_transformer,partial_in_flight_no_results_json,2,0,2026-05-30T10:56:51Z,256.583333333,8,8,144,24,16,23,6.66224761905,6.66224761905,0,0.232711520465,/home/erikg/emender/experiments/local/cmaes_redo_1300m_20260529/transformer/transformer_20260530_042721/generations.jsonl
Transformer rerun,transformer,fresh_corrected_1300m,redo_1300m_transformer,redo_1300m_transformer,partial_in_flight_no_results_json,3,0,2026-05-30T13:04:57Z,384.683333333,8,8,224,32,24,31,6.95962698413,6.66224761905,1,0.195099232832,/home/erikg/emender/experiments/local/cmaes_redo_1300m_20260529/transformer/transformer_20260530_042721/generations.jsonl
Transformer rerun,transformer,fresh_corrected_1300m,redo_1300m_transformer,redo_1300m_transformer,partial_in_flight_no_results_json,4,0,2026-05-30T15:15:14Z,514.966666667,8,8,176,40,32,39,6.63784848485,6.63784848485,0,0.181426922989,/home/erikg/emender/experiments/local/cmaes_redo_1300m_20260529/transformer/transformer_20260530_042721/generations.jsonl
Transformer rerun,transformer,fresh_corrected_1300m,redo_1300m_transformer,redo_1300m_transformer,partial_in_flight_no_results_json,5,0,2026-05-30T17:25:20Z,645.066666667,8,8,144,48,40,47,6.56726825397,6.56726825397,0,0.177849716909,/home/erikg/emender/experiments/local/cmaes_redo_1300m_20260529/transformer/transformer_20260530_042721/generations.jsonl
Transformer rerun,transformer,fresh_corrected_1300m,redo_1300m_transformer,redo_1300m_transformer,partial_in_flight_no_results_json,6,0,2026-05-30T19:33:50Z,773.566666667,8,8,128,56,48,55,6.67340169492,6.56726825397,1,0.158495585578,/home/erikg/emender/experiments/local/cmaes_redo_1300m_20260529/transformer/transformer_20260530_042721/generations.jsonl
E88 delta,e88,primary_or_failed_v2,ctx2k_e88_delta,ctx2k_e88_delta,complete_usable,0,0,2026-05-26T05:33:19Z,0,8,8,80,8,0,7,6.17595138889,6.17595138889,0,0.119088329169,/home/erikg/elman/benchmark_results/cmaes_1270M_ctx2k_e88_delta_raw_warm512_20260526/e88/e88_20260526_030514/generations.jsonl
E88 delta,e88,primary_or_failed_v2,ctx2k_e88_delta,ctx2k_e88_delta,complete_usable,1,0,2026-05-26T07:59:40Z,146.35,8,8,80,16,8,15,6.19872318841,6.17595138889,1,0.114044980662,/home/erikg/elman/benchmark_results/cmaes_1270M_ctx2k_e88_delta_raw_warm512_20260526/e88/e88_20260526_030514/generations.jsonl
E88 delta,e88,primary_or_failed_v2,ctx2k_e88_delta,ctx2k_e88_delta,complete_usable,2,0,2026-05-26T10:22:18Z,288.983333333,8,8,64,24,16,23,6.09398648649,6.09398648649,0,0.106904870892,/home/erikg/elman/benchmark_results/cmaes_1270M_ctx2k_e88_delta_raw_warm512_20260526/e88/e88_20260526_030514/generations.jsonl
E88 delta,e88,primary_or_failed_v2,ctx2k_e88_delta,ctx2k_e88_delta,complete_usable,3,0,2026-05-26T12:39:47Z,426.466666667,8,8,48,32,24,31,6.07510254777,6.07510254777,0,0.11445694567,/home/erikg/elman/benchmark_results/cmaes_1270M_ctx2k_e88_delta_raw_warm512_20260526/e88/e88_20260526_030514/generations.jsonl
E88 delta,e88,primary_or_failed_v2,ctx2k_e88_delta,ctx2k_e88_delta,complete_usable,4,0,2026-05-26T14:54:51Z,561.533333333,8,8,64,40,32,39,6.03366419753,6.03366419753,0,0.125944239404,/home/erikg/elman/benchmark_results/cmaes_1270M_ctx2k_e88_delta_raw_warm512_20260526/e88/e88_20260526_030514/generations.jsonl
E88 delta,e88,primary_or_failed_v2,ctx2k_e88_delta,ctx2k_e88_delta,complete_usable,5,0,2026-05-26T17:04:19Z,691,8,8,64,48,40,47,6.05493229814,6.03366419753,1,0.117426107982,/home/erikg/elman/benchmark_results/cmaes_1270M_ctx2k_e88_delta_raw_warm512_20260526/e88/e88_20260526_030514/generations.jsonl
E88 delta,e88,primary_or_failed_v2,ctx2k_e88_delta,ctx2k_e88_delta,complete_usable,6,0,2026-05-26T19:15:09Z,821.833333333,8,8,96,56,48,55,6.10382837838,6.03366419753,2,0.110382121278,/home/erikg/elman/benchmark_results/cmaes_1270M_ctx2k_e88_delta_raw_warm512_20260526/e88/e88_20260526_030514/generations.jsonl
E88 delta,e88,primary_or_failed_v2,ctx2k_e88_delta,ctx2k_e88_delta,complete_usable,7,0,2026-05-26T21:28:20Z,955.016666667,8,8,48,64,56,63,6.09909509202,6.03366419753,3,0.106338340472,/home/erikg/elman/benchmark_results/cmaes_1270M_ctx2k_e88_delta_raw_warm512_20260526/e88/e88_20260526_030514/generations.jsonl
E88 delta,e88,primary_or_failed_v2,ctx2k_e88_delta,ctx2k_e88_delta,complete_usable,0,1,2026-05-26T23:55:03Z,1101.73333333,8,8,80,72,64,71,6.11666184211,6.11666184211,0,0.121417560175,/home/erikg/elman/benchmark_results/cmaes_1270M_ctx2k_e88_delta_raw_warm512_20260526/e88/e88_20260526_030514/generations.jsonl
E88 delta,e88,primary_or_failed_v2,ctx2k_e88_delta,ctx2k_e88_delta,complete_usable,1,1,2026-05-27T02:19:37Z,1246.3,8,8,48,80,72,79,6.14423866667,6.11666184211,1,0.110199677497,/home/erikg/elman/benchmark_results/cmaes_1270M_ctx2k_e88_delta_raw_warm512_20260526/e88/e88_20260526_030514/generations.jsonl
E88 delta,e88,primary_or_failed_v2,ctx2k_e88_delta,ctx2k_e88_delta,complete_usable,2,1,2026-05-27T04:43:42Z,1390.38333333,8,8,64,88,80,87,6.10556805556,6.10556805556,0,0.0953985120188,/home/erikg/elman/benchmark_results/cmaes_1270M_ctx2k_e88_delta_raw_warm512_20260526/e88/e88_20260526_030514/generations.jsonl
E88 delta,e88,primary_or_failed_v2,ctx2k_e88_delta,ctx2k_e88_delta,complete_usable,3,1,2026-05-27T07:02:57Z,1529.63333333,8,8,48,96,88,95,6.12752805755,6.10556805556,1,0.0917100527714,/home/erikg/elman/benchmark_results/cmaes_1270M_ctx2k_e88_delta_raw_warm512_20260526/e88/e88_20260526_030514/generations.jsonl
E88 delta,e88,primary_or_failed_v2,ctx2k_e88_delta,ctx2k_e88_delta,complete_usable,4,1,2026-05-27T09:17:40Z,1664.35,8,8,96,104,96,103,5.99736787879,5.99736787879,0,0.0878102427689,/home/erikg/elman/benchmark_results/cmaes_1270M_ctx2k_e88_delta_raw_warm512_20260526/e88/e88_20260526_030514/generations.jsonl
E88 delta,e88,primary_or_failed_v2,ctx2k_e88_delta,ctx2k_e88_delta,complete_usable,5,1,2026-05-27T11:31:33Z,1798.23333333,8,8,32,112,104,111,6.06115225806,5.99736787879,1,0.0782153984023,/home/erikg/elman/benchmark_results/cmaes_1270M_ctx2k_e88_delta_raw_warm512_20260526/e88/e88_20260526_030514/generations.jsonl
E88 delta,e88,primary_or_failed_v2,ctx2k_e88_delta,ctx2k_e88_delta,complete_usable,6,1,2026-05-27T13:47:55Z,1934.6,8,8,32,120,112,119,6.04574551282,5.99736787879,2,0.0675427944063,/home/erikg/elman/benchmark_results/cmaes_1270M_ctx2k_e88_delta_raw_warm512_20260526/e88/e88_20260526_030514/generations.jsonl
E88 delta,e88,primary_or_failed_v2,ctx2k_e88_delta,ctx2k_e88_delta,complete_usable,7,1,2026-05-27T16:02:45Z,2069.43333333,8,8,64,128,120,127,6.05868742138,5.99736787879,3,0.0674865902966,/home/erikg/elman/benchmark_results/cmaes_1270M_ctx2k_e88_delta_raw_warm512_20260526/e88/e88_20260526_030514/generations.jsonl
E88 raw-write,e88-raw,primary_or_failed_v2,ctx2k_e88_raw,ctx2k_e88_raw,complete_usable,0,0,2026-05-26T05:33:07Z,0,8,8,48,8,0,7,6.32147173913,6.32147173913,0,0.130350457171,/home/erikg/elman/benchmark_results/cmaes_1270M_ctx2k_e88_delta_raw_warm512_20260526/e88-raw/e88-raw_20260526_030514/generations.jsonl
E88 raw-write,e88-raw,primary_or_failed_v2,ctx2k_e88_raw,ctx2k_e88_raw,complete_usable,1,0,2026-05-26T07:56:15Z,143.133333333,8,8,64,16,8,15,6.30749189189,6.30749189189,0,0.127329998468,/home/erikg/elman/benchmark_results/cmaes_1270M_ctx2k_e88_delta_raw_warm512_20260526/e88-raw/e88-raw_20260526_030514/generations.jsonl
E88 raw-write,e88-raw,primary_or_failed_v2,ctx2k_e88_raw,ctx2k_e88_raw,complete_usable,2,0,2026-05-26T10:14:43Z,281.6,8,8,64,24,16,23,6.33834353741,6.30749189189,1,0.125061394991,/home/erikg/elman/benchmark_results/cmaes_1270M_ctx2k_e88_delta_raw_warm512_20260526/e88-raw/e88-raw_20260526_030514/generations.jsonl
E88 raw-write,e88-raw,primary_or_failed_v2,ctx2k_e88_raw,ctx2k_e88_raw,complete_usable,3,0,2026-05-26T12:31:47Z,418.666666667,8,8,80,32,24,31,6.14295380117,6.14295380117,0,0.126777835807,/home/erikg/elman/benchmark_results/cmaes_1270M_ctx2k_e88_delta_raw_warm512_20260526/e88-raw/e88-raw_20260526_030514/generations.jsonl
E88 raw-write,e88-raw,primary_or_failed_v2,ctx2k_e88_raw,ctx2k_e88_raw,complete_usable,4,0,2026-05-26T14:45:17Z,552.166666667,8,8,96,40,32,39,6.06649578313,6.06649578313,0,0.148649163184,/home/erikg/elman/benchmark_results/cmaes_1270M_ctx2k_e88_delta_raw_warm512_20260526/e88-raw/e88-raw_20260526_030514/generations.jsonl
E88 raw-write,e88-raw,primary_or_failed_v2,ctx2k_e88_raw,ctx2k_e88_raw,complete_usable,5,0,2026-05-26T16:56:43Z,683.6,8,8,96,48,40,47,6.16299647887,6.06649578313,1,0.138443553159,/home/erikg/elman/benchmark_results/cmaes_1270M_ctx2k_e88_delta_raw_warm512_20260526/e88-raw/e88-raw_20260526_030514/generations.jsonl
E88 raw-write,e88-raw,primary_or_failed_v2,ctx2k_e88_raw,ctx2k_e88_raw,complete_usable,6,0,2026-05-26T19:07:24Z,814.283333333,8,8,48,56,48,55,6.17693945578,6.06649578313,2,0.128629763997,/home/erikg/elman/benchmark_results/cmaes_1270M_ctx2k_e88_delta_raw_warm512_20260526/e88-raw/e88-raw_20260526_030514/generations.jsonl
E88 raw-write,e88-raw,primary_or_failed_v2,ctx2k_e88_raw,ctx2k_e88_raw,complete_usable,7,0,2026-05-26T21:22:41Z,949.566666667,8,8,80,64,56,63,6.0954125,6.06649578313,3,0.105033346655,/home/erikg/elman/benchmark_results/cmaes_1270M_ctx2k_e88_delta_raw_warm512_20260526/e88-raw/e88-raw_20260526_030514/generations.jsonl
E88 raw-write,e88-raw,primary_or_failed_v2,ctx2k_e88_raw,ctx2k_e88_raw,complete_usable,0,1,2026-05-26T23:48:50Z,1095.71666667,8,8,80,72,64,71,6.170155,6.170155,0,0.126192000938,/home/erikg/elman/benchmark_results/cmaes_1270M_ctx2k_e88_delta_raw_warm512_20260526/e88-raw/e88-raw_20260526_030514/generations.jsonl
E88 raw-write,e88-raw,primary_or_failed_v2,ctx2k_e88_raw,ctx2k_e88_raw,complete_usable,1,1,2026-05-27T02:21:58Z,1248.85,8,8,96,80,72,79,6.19459864865,6.170155,1,0.11812295622,/home/erikg/elman/benchmark_results/cmaes_1270M_ctx2k_e88_delta_raw_warm512_20260526/e88-raw/e88-raw_20260526_030514/generations.jsonl
E88 raw-write,e88-raw,primary_or_failed_v2,ctx2k_e88_raw,ctx2k_e88_raw,complete_usable,2,1,2026-05-27T04:53:49Z,1400.7,8,8,64,88,80,87,6.199405,6.170155,2,0.100551180883,/home/erikg/elman/benchmark_results/cmaes_1270M_ctx2k_e88_delta_raw_warm512_20260526/e88-raw/e88-raw_20260526_030514/generations.jsonl
E88 raw-write,e88-raw,primary_or_failed_v2,ctx2k_e88_raw,ctx2k_e88_raw,complete_usable,3,1,2026-05-27T07:18:36Z,1545.48333333,8,8,48,96,88,95,6.15508301887,6.15508301887,0,0.0780597167887,/home/erikg/elman/benchmark_results/cmaes_1270M_ctx2k_e88_delta_raw_warm512_20260526/e88-raw/e88-raw_20260526_030514/generations.jsonl
E88 raw-write,e88-raw,primary_or_failed_v2,ctx2k_e88_raw,ctx2k_e88_raw,complete_usable,4,1,2026-05-27T09:42:41Z,1689.56666667,8,8,32,104,96,103,6.15881290323,6.15508301887,1,0.0656409184424,/home/erikg/elman/benchmark_results/cmaes_1270M_ctx2k_e88_delta_raw_warm512_20260526/e88-raw/e88-raw_20260526_030514/generations.jsonl
E88 raw-write,e88-raw,primary_or_failed_v2,ctx2k_e88_raw,ctx2k_e88_raw,complete_usable,5,1,2026-05-27T12:04:42Z,1831.58333333,8,8,32,112,104,111,6.07170595238,6.07170595238,0,0.0695102133535,/home/erikg/elman/benchmark_results/cmaes_1270M_ctx2k_e88_delta_raw_warm512_20260526/e88-raw/e88-raw_20260526_030514/generations.jsonl
E88 raw-write,e88-raw,primary_or_failed_v2,ctx2k_e88_raw,ctx2k_e88_raw,complete_usable,6,1,2026-05-27T14:22:21Z,1969.23333333,8,8,32,120,112,119,6.03949404762,6.03949404762,0,0.0766859128756,/home/erikg/elman/benchmark_results/cmaes_1270M_ctx2k_e88_delta_raw_warm512_20260526/e88-raw/e88-raw_20260526_030514/generations.jsonl
E88 raw-write,e88-raw,primary_or_failed_v2,ctx2k_e88_raw,ctx2k_e88_raw,complete_usable,7,1,2026-05-27T16:36:49Z,2103.7,8,8,32,128,120,127,6.09458417722,6.03949404762,1,0.0797403375524,/home/erikg/elman/benchmark_results/cmaes_1270M_ctx2k_e88_delta_raw_warm512_20260526/e88-raw/e88-raw_20260526_030514/generations.jsonl
E88 raw-write,e88-raw,primary_or_failed_v2,ctx2k_e88_raw,ctx2k_e88_raw,complete_usable,8,1,2026-05-27T18:52:10Z,2239.05,8,8,48,136,128,135,6.05753719512,6.03949404762,2,0.0732145998481,/home/erikg/elman/benchmark_results/cmaes_1270M_ctx2k_e88_delta_raw_warm512_20260526/e88-raw/e88-raw_20260526_030514/generations.jsonl
FLA-GDN,fla-gdn,primary_or_failed_v2,ctx2k_fla_gdn,ctx2k_fla_gdn,complete_usable,0,0,2026-05-26T05:55:13Z,0,8,8,48,8,0,7,6.36415730337,6.36415730337,0,0.122156508098,/home/erikg/elman/benchmark_results/cmaes_1270M_ctx2k_baselines_warm512_20260526/fla-gdn/fla-gdn_20260526_031318/generations.jsonl
FLA-GDN,fla-gdn,primary_or_failed_v2,ctx2k_fla_gdn,ctx2k_fla_gdn,complete_usable,1,0,2026-05-26T08:26:23Z,151.166666667,8,8,16,16,8,15,6.24673956044,6.24673956044,0,0.118360399151,/home/erikg/elman/benchmark_results/cmaes_1270M_ctx2k_baselines_warm512_20260526/fla-gdn/fla-gdn_20260526_031318/generations.jsonl
FLA-GDN,fla-gdn,primary_or_failed_v2,ctx2k_fla_gdn,ctx2k_fla_gdn,complete_usable,2,0,2026-05-26T10:55:19Z,300.1,8,8,48,24,16,23,6.163728,6.163728,0,0.107055498082,/home/erikg/elman/benchmark_results/cmaes_1270M_ctx2k_baselines_warm512_20260526/fla-gdn/fla-gdn_20260526_031318/generations.jsonl
FLA-GDN,fla-gdn,primary_or_failed_v2,ctx2k_fla_gdn,ctx2k_fla_gdn,complete_usable,3,0,2026-05-26T13:14:22Z,439.15,8,8,48,32,24,31,6.16965842697,6.163728,1,0.100227659319,/home/erikg/elman/benchmark_results/cmaes_1270M_ctx2k_baselines_warm512_20260526/fla-gdn/fla-gdn_20260526_031318/generations.jsonl
FLA-GDN,fla-gdn,primary_or_failed_v2,ctx2k_fla_gdn,ctx2k_fla_gdn,complete_usable,4,0,2026-05-26T15:26:10Z,570.95,8,8,48,40,32,39,6.14200168539,6.14200168539,0,0.0972454512763,/home/erikg/elman/benchmark_results/cmaes_1270M_ctx2k_baselines_warm512_20260526/fla-gdn/fla-gdn_20260526_031318/generations.jsonl
FLA-GDN,fla-gdn,primary_or_failed_v2,ctx2k_fla_gdn,ctx2k_fla_gdn,complete_usable,5,0,2026-05-26T17:38:08Z,702.916666667,8,8,64,48,40,47,6.16935513514,6.14200168539,1,0.0910102388011,/home/erikg/elman/benchmark_results/cmaes_1270M_ctx2k_baselines_warm512_20260526/fla-gdn/fla-gdn_20260526_031318/generations.jsonl
FLA-GDN,fla-gdn,primary_or_failed_v2,ctx2k_fla_gdn,ctx2k_fla_gdn,complete_usable,6,0,2026-05-26T19:50:31Z,835.3,8,8,48,56,48,55,6.21587559524,6.14200168539,2,0.0819462624763,/home/erikg/elman/benchmark_results/cmaes_1270M_ctx2k_baselines_warm512_20260526/fla-gdn/fla-gdn_20260526_031318/generations.jsonl
FLA-GDN,fla-gdn,primary_or_failed_v2,ctx2k_fla_gdn,ctx2k_fla_gdn,complete_usable,7,0,2026-05-26T22:03:30Z,968.283333333,8,8,32,64,56,63,6.14227445652,6.14200168539,3,0.0699202048573,/home/erikg/elman/benchmark_results/cmaes_1270M_ctx2k_baselines_warm512_20260526/fla-gdn/fla-gdn_20260526_031318/generations.jsonl
FLA-GDN,fla-gdn,primary_or_failed_v2,ctx2k_fla_gdn,ctx2k_fla_gdn,complete_usable,0,1,2026-05-27T00:24:03Z,1108.83333333,8,8,48,72,64,71,6.42154945652,6.42154945652,0,0.12138285322,/home/erikg/elman/benchmark_results/cmaes_1270M_ctx2k_baselines_warm512_20260526/fla-gdn/fla-gdn_20260526_031318/generations.jsonl
FLA-GDN,fla-gdn,primary_or_failed_v2,ctx2k_fla_gdn,ctx2k_fla_gdn,complete_usable,1,1,2026-05-27T02:46:51Z,1251.63333333,8,8,32,80,72,79,6.35917065217,6.35917065217,0,0.11805731793,/home/erikg/elman/benchmark_results/cmaes_1270M_ctx2k_baselines_warm512_20260526/fla-gdn/fla-gdn_20260526_031318/generations.jsonl
FLA-GDN,fla-gdn,primary_or_failed_v2,ctx2k_fla_gdn,ctx2k_fla_gdn,complete_usable,2,1,2026-05-27T05:01:21Z,1386.13333333,8,8,64,88,80,87,6.31727514124,6.31727514124,0,0.112349722793,/home/erikg/elman/benchmark_results/cmaes_1270M_ctx2k_baselines_warm512_20260526/fla-gdn/fla-gdn_20260526_031318/generations.jsonl
FLA-GDN,fla-gdn,primary_or_failed_v2,ctx2k_fla_gdn,ctx2k_fla_gdn,complete_usable,3,1,2026-05-27T07:19:01Z,1523.8,8,8,48,96,88,95,6.35738409091,6.31727514124,1,0.119793081513,/home/erikg/elman/benchmark_results/cmaes_1270M_ctx2k_baselines_warm512_20260526/fla-gdn/fla-gdn_20260526_031318/generations.jsonl
FLA-GDN,fla-gdn,primary_or_failed_v2,ctx2k_fla_gdn,ctx2k_fla_gdn,complete_usable,4,1,2026-05-27T09:31:07Z,1655.9,8,8,48,104,96,103,6.30093829787,6.30093829787,0,0.112151109727,/home/erikg/elman/benchmark_results/cmaes_1270M_ctx2k_baselines_warm512_20260526/fla-gdn/fla-gdn_20260526_031318/generations.jsonl
FLA-GDN,fla-gdn,primary_or_failed_v2,ctx2k_fla_gdn,ctx2k_fla_gdn,complete_usable,5,1,2026-05-27T11:52:27Z,1797.23333333,8,8,64,112,104,111,6.3821125,6.30093829787,1,0.0999887842028,/home/erikg/elman/benchmark_results/cmaes_1270M_ctx2k_baselines_warm512_20260526/fla-gdn/fla-gdn_20260526_031318/generations.jsonl
FLA-GDN,fla-gdn,primary_or_failed_v2,ctx2k_fla_gdn,ctx2k_fla_gdn,complete_usable,6,1,2026-05-27T14:09:03Z,1933.83333333,8,8,32,120,112,119,6.3106855615,6.30093829787,2,0.0978139574462,/home/erikg/elman/benchmark_results/cmaes_1270M_ctx2k_baselines_warm512_20260526/fla-gdn/fla-gdn_20260526_031318/generations.jsonl
FLA-GDN,fla-gdn,primary_or_failed_v2,ctx2k_fla_gdn,ctx2k_fla_gdn,complete_usable,7,1,2026-05-27T16:22:37Z,2067.4,8,8,16,128,120,127,6.25393734177,6.25393734177,0,0.104425164173,/home/erikg/elman/benchmark_results/cmaes_1270M_ctx2k_baselines_warm512_20260526/fla-gdn/fla-gdn_20260526_031318/generations.jsonl
FLA-GDN,fla-gdn,primary_or_failed_v2,ctx2k_fla_gdn,ctx2k_fla_gdn,complete_usable,8,1,2026-05-27T18:36:29Z,2201.26666667,8,8,32,136,128,135,6.12919545455,6.12919545455,0,0.104741338109,/home/erikg/elman/benchmark_results/cmaes_1270M_ctx2k_baselines_warm512_20260526/fla-gdn/fla-gdn_20260526_031318/generations.jsonl
FLA-GDN,fla-gdn,primary_or_failed_v2,ctx2k_fla_gdn,ctx2k_fla_gdn,complete_usable,9,1,2026-05-27T20:48:08Z,2332.91666667,8,8,48,144,136,143,6.11039833333,6.11039833333,0,0.112363437264,/home/erikg/elman/benchmark_results/cmaes_1270M_ctx2k_baselines_warm512_20260526/fla-gdn/fla-gdn_20260526_031318/generations.jsonl
FLA-GDN,fla-gdn,primary_or_failed_v2,ctx2k_fla_gdn,ctx2k_fla_gdn,complete_usable,10,1,2026-05-27T23:02:44Z,2467.51666667,8,8,48,152,144,151,6.17368020833,6.11039833333,1,0.106625383963,/home/erikg/elman/benchmark_results/cmaes_1270M_ctx2k_baselines_warm512_20260526/fla-gdn/fla-gdn_20260526_031318/generations.jsonl
FLA-GDN,fla-gdn,primary_or_failed_v2,ctx2k_fla_gdn,ctx2k_fla_gdn,complete_usable,11,1,2026-05-28T01:16:34Z,2601.35,8,8,32,160,152,159,6.13890416667,6.11039833333,2,0.106860209995,/home/erikg/elman/benchmark_results/cmaes_1270M_ctx2k_baselines_warm512_20260526/fla-gdn/fla-gdn_20260526_031318/generations.jsonl
M2RNN,m2rnn,primary_or_failed_v2,ctx2k_m2rnn_home_xma,ctx2k_m2rnn_home_xma,complete_usable,0,0,2026-05-26T16:02:35Z,0,8,8,64,8,0,7,6.24067123288,6.24067123288,0,0.128524410469,/home/erikg/elman/benchmark_results/cmaes_1270M_ctx2k_baselines_warm512_20260526/m2rnn_home_xma/m2rnn_20260526_132728/generations.jsonl
M2RNN,m2rnn,primary_or_failed_v2,ctx2k_m2rnn_home_xma,ctx2k_m2rnn_home_xma,complete_usable,1,0,2026-05-26T18:33:16Z,150.683333333,8,8,48,16,8,15,6.33512962963,6.24067123288,1,0.119575229032,/home/erikg/elman/benchmark_results/cmaes_1270M_ctx2k_baselines_warm512_20260526/m2rnn_home_xma/m2rnn_20260526_132728/generations.jsonl
M2RNN,m2rnn,primary_or_failed_v2,ctx2k_m2rnn_home_xma,ctx2k_m2rnn_home_xma,complete_usable,2,0,2026-05-26T21:12:41Z,310.1,8,8,32,24,16,23,6.169875,6.169875,0,0.0994212918729,/home/erikg/elman/benchmark_results/cmaes_1270M_ctx2k_baselines_warm512_20260526/m2rnn_home_xma/m2rnn_20260526_132728/generations.jsonl
M2RNN,m2rnn,primary_or_failed_v2,ctx2k_m2rnn_home_xma,ctx2k_m2rnn_home_xma,complete_usable,3,0,2026-05-26T23:46:58Z,464.383333333,8,8,48,32,24,31,6.15073757962,6.15073757962,0,0.089601976146,/home/erikg/elman/benchmark_results/cmaes_1270M_ctx2k_baselines_warm512_20260526/m2rnn_home_xma/m2rnn_20260526_132728/generations.jsonl
M2RNN,m2rnn,primary_or_failed_v2,ctx2k_m2rnn_home_xma,ctx2k_m2rnn_home_xma,complete_usable,4,0,2026-05-27T02:16:19Z,613.733333333,8,8,32,40,32,39,6.07854666667,6.07854666667,0,0.0826976221553,/home/erikg/elman/benchmark_results/cmaes_1270M_ctx2k_baselines_warm512_20260526/m2rnn_home_xma/m2rnn_20260526_132728/generations.jsonl
M2RNN,m2rnn,primary_or_failed_v2,ctx2k_m2rnn_home_xma,ctx2k_m2rnn_home_xma,complete_usable,5,0,2026-05-27T04:43:50Z,761.25,8,8,48,48,40,47,6.06258152174,6.06258152174,0,0.0722944010332,/home/erikg/elman/benchmark_results/cmaes_1270M_ctx2k_baselines_warm512_20260526/m2rnn_home_xma/m2rnn_20260526_132728/generations.jsonl
M2RNN,m2rnn,primary_or_failed_v2,ctx2k_m2rnn_home_xma,ctx2k_m2rnn_home_xma,complete_usable,6,0,2026-05-27T07:06:18Z,903.716666667,8,8,32,56,48,55,6.13003478261,6.06258152174,1,0.0647689492042,/home/erikg/elman/benchmark_results/cmaes_1270M_ctx2k_baselines_warm512_20260526/m2rnn_home_xma/m2rnn_20260526_132728/generations.jsonl
M2RNN,m2rnn,primary_or_failed_v2,ctx2k_m2rnn_home_xma,ctx2k_m2rnn_home_xma,complete_usable,7,0,2026-05-27T09:25:57Z,1043.36666667,8,8,32,64,56,63,6.11313139535,6.06258152174,2,0.0702129952943,/home/erikg/elman/benchmark_results/cmaes_1270M_ctx2k_baselines_warm512_20260526/m2rnn_home_xma/m2rnn_20260526_132728/generations.jsonl
M2RNN,m2rnn,primary_or_failed_v2,ctx2k_m2rnn_home_xma,ctx2k_m2rnn_home_xma,complete_usable,0,1,2026-05-27T11:57:03Z,1194.46666667,8,8,80,72,64,71,6.21984893617,6.21984893617,0,0.126014093148,/home/erikg/elman/benchmark_results/cmaes_1270M_ctx2k_baselines_warm512_20260526/m2rnn_home_xma/m2rnn_20260526_132728/generations.jsonl
M2RNN,m2rnn,primary_or_failed_v2,ctx2k_m2rnn_home_xma,ctx2k_m2rnn_home_xma,complete_usable,1,1,2026-05-27T14:29:44Z,1347.15,8,8,64,80,72,79,6.18297313433,6.18297313433,0,0.108672952513,/home/erikg/elman/benchmark_results/cmaes_1270M_ctx2k_baselines_warm512_20260526/m2rnn_home_xma/m2rnn_20260526_132728/generations.jsonl
M2RNN,m2rnn,primary_or_failed_v2,ctx2k_m2rnn_home_xma,ctx2k_m2rnn_home_xma,complete_usable,2,1,2026-05-27T17:05:49Z,1503.23333333,8,8,64,88,80,87,6.1384,6.1384,0,0.10599183168,/home/erikg/elman/benchmark_results/cmaes_1270M_ctx2k_baselines_warm512_20260526/m2rnn_home_xma/m2rnn_20260526_132728/generations.jsonl
M2RNN,m2rnn,primary_or_failed_v2,ctx2k_m2rnn_home_xma,ctx2k_m2rnn_home_xma,complete_usable,3,1,2026-05-27T19:39:01Z,1656.43333333,8,8,48,96,88,95,6.20298088235,6.1384,1,0.101428202229,/home/erikg/elman/benchmark_results/cmaes_1270M_ctx2k_baselines_warm512_20260526/m2rnn_home_xma/m2rnn_20260526_132728/generations.jsonl
M2RNN,m2rnn,primary_or_failed_v2,ctx2k_m2rnn_home_xma,ctx2k_m2rnn_home_xma,complete_usable,4,1,2026-05-27T22:14:21Z,1811.76666667,8,8,80,104,96,103,6.18295076923,6.1384,2,0.0824875636688,/home/erikg/elman/benchmark_results/cmaes_1270M_ctx2k_baselines_warm512_20260526/m2rnn_home_xma/m2rnn_20260526_132728/generations.jsonl
M2RNN,m2rnn,primary_or_failed_v2,ctx2k_m2rnn_home_xma,ctx2k_m2rnn_home_xma,complete_usable,5,1,2026-05-28T00:46:06Z,1963.51666667,8,8,48,112,104,111,6.1749255814,6.1384,3,0.068295707435,/home/erikg/elman/benchmark_results/cmaes_1270M_ctx2k_baselines_warm512_20260526/m2rnn_home_xma/m2rnn_20260526_132728/generations.jsonl
M2RNN,m2rnn,primary_or_failed_v2,ctx2k_m2rnn_home_xma,ctx2k_m2rnn_home_xma,complete_usable,6,1,2026-05-28T03:13:56Z,2111.35,8,8,48,120,112,119,6.16837078652,6.1384,4,0.062245266966,/home/erikg/elman/benchmark_results/cmaes_1270M_ctx2k_baselines_warm512_20260526/m2rnn_home_xma/m2rnn_20260526_132728/generations.jsonl
M2RNN,m2rnn,primary_or_failed_v2,ctx2k_m2rnn_home_xma,ctx2k_m2rnn_home_xma,complete_usable,7,1,2026-05-28T05:39:07Z,2256.53333333,8,8,48,128,120,127,6.10565872093,6.10565872093,0,0.0616676254222,/home/erikg/elman/benchmark_results/cmaes_1270M_ctx2k_baselines_warm512_20260526/m2rnn_home_xma/m2rnn_20260526_132728/generations.jsonl
M2RNN,m2rnn,primary_or_failed_v2,ctx2k_m2rnn_home_xma,ctx2k_m2rnn_home_xma,complete_usable,8,1,2026-05-28T08:01:13Z,2398.63333333,8,8,64,136,128,135,6.11405777778,6.10565872093,1,0.0708327143562,/home/erikg/elman/benchmark_results/cmaes_1270M_ctx2k_baselines_warm512_20260526/m2rnn_home_xma/m2rnn_20260526_132728/generations.jsonl
M2RNN,m2rnn,primary_or_failed_v2,ctx2k_m2rnn_home_xma,ctx2k_m2rnn_home_xma,complete_usable,9,1,2026-05-28T10:26:26Z,2543.85,8,8,32,144,136,143,6.1527882716,6.10565872093,2,0.0787737842437,/home/erikg/elman/benchmark_results/cmaes_1270M_ctx2k_baselines_warm512_20260526/m2rnn_home_xma/m2rnn_20260526_132728/generations.jsonl
Mamba2,mamba2,primary_or_failed_v2,ctx2k_mamba2,ctx2k_mamba2,partial_no_results_json,0,0,2026-05-27T21:14:09Z,0,8,8,48,8,0,7,6.17041208054,6.17041208054,0,0.130904594239,/home/erikg/elman/benchmark_results/cmaes_1270M_ctx2k_baselines_warm512_20260526/mamba2/mamba2_20260527_183522/generations.jsonl
Mamba2,mamba2,primary_or_failed_v2,ctx2k_mamba2,ctx2k_mamba2,partial_no_results_json,1,0,2026-05-27T23:38:48Z,144.65,8,8,32,16,8,15,6.25017246377,6.17041208054,1,0.132103876956,/home/erikg/elman/benchmark_results/cmaes_1270M_ctx2k_baselines_warm512_20260526/mamba2/mamba2_20260527_183522/generations.jsonl
Mamba2,mamba2,primary_or_failed_v2,ctx2k_mamba2,ctx2k_mamba2,partial_no_results_json,2,0,2026-05-28T01:57:31Z,283.366666667,8,8,48,24,16,23,6.13163061224,6.13163061224,0,0.128820845296,/home/erikg/elman/benchmark_results/cmaes_1270M_ctx2k_baselines_warm512_20260526/mamba2/mamba2_20260527_183522/generations.jsonl
Mamba2,mamba2,primary_or_failed_v2,ctx2k_mamba2,ctx2k_mamba2,partial_no_results_json,3,0,2026-05-28T04:15:32Z,421.383333333,8,8,32,32,24,31,6.10256309524,6.10256309524,0,0.129342433681,/home/erikg/elman/benchmark_results/cmaes_1270M_ctx2k_baselines_warm512_20260526/mamba2/mamba2_20260527_183522/generations.jsonl
Mamba2,mamba2,primary_or_failed_v2,ctx2k_mamba2,ctx2k_mamba2,partial_no_results_json,4,0,2026-05-28T06:33:12Z,559.05,8,8,48,40,32,39,6.11896774194,6.10256309524,1,0.130039097094,/home/erikg/elman/benchmark_results/cmaes_1270M_ctx2k_baselines_warm512_20260526/mamba2/mamba2_20260527_183522/generations.jsonl
Mamba2,mamba2,primary_or_failed_v2,ctx2k_mamba2,ctx2k_mamba2,partial_no_results_json,5,0,2026-05-28T08:49:16Z,695.116666667,8,8,32,48,40,47,6.11696815287,6.10256309524,2,0.125803744319,/home/erikg/elman/benchmark_results/cmaes_1270M_ctx2k_baselines_warm512_20260526/mamba2/mamba2_20260527_183522/generations.jsonl
Mamba2,mamba2,primary_or_failed_v2,ctx2k_mamba2,ctx2k_mamba2,partial_no_results_json,6,0,2026-05-28T11:03:01Z,828.866666667,8,8,32,56,48,55,6.09613493976,6.09613493976,3,0.120534876335,/home/erikg/elman/benchmark_results/cmaes_1270M_ctx2k_baselines_warm512_20260526/mamba2/mamba2_20260527_183522/generations.jsonl
Mamba2,mamba2,primary_or_failed_v2,ctx2k_mamba2,ctx2k_mamba2,partial_no_results_json,7,0,2026-05-28T13:16:08Z,961.983333333,8,8,48,64,56,63,6.0560257485,6.0560257485,0,0.114672869495,/home/erikg/elman/benchmark_results/cmaes_1270M_ctx2k_baselines_warm512_20260526/mamba2/mamba2_20260527_183522/generations.jsonl
Mamba2,mamba2,primary_or_failed_v2,ctx2k_mamba2,ctx2k_mamba2,partial_no_results_json,8,0,2026-05-28T15:27:22Z,1093.21666667,8,8,48,72,64,71,6.071539375,6.0560257485,1,0.0992572378727,/home/erikg/elman/benchmark_results/cmaes_1270M_ctx2k_baselines_warm512_20260526/mamba2/mamba2_20260527_183522/generations.jsonl
Mamba2,mamba2,primary_or_failed_v2,ctx2k_mamba2,ctx2k_mamba2,partial_no_results_json,9,0,2026-05-28T17:41:58Z,1227.81666667,8,8,32,80,72,79,6.08704935897,6.0560257485,2,0.0847282615297,/home/erikg/elman/benchmark_results/cmaes_1270M_ctx2k_baselines_warm512_20260526/mamba2/mamba2_20260527_183522/generations.jsonl
Mamba2,mamba2,primary_or_failed_v2,ctx2k_mamba2,ctx2k_mamba2,partial_no_results_json,0,1,2026-05-28T20:04:00Z,1369.85,8,8,48,88,80,87,6.24481153846,6.24481153846,0,0.11958999605,/home/erikg/elman/benchmark_results/cmaes_1270M_ctx2k_baselines_warm512_20260526/mamba2/mamba2_20260527_183522/generations.jsonl
Mamba2,mamba2,primary_or_failed_v2,ctx2k_mamba2,ctx2k_mamba2,partial_no_results_json,1,1,2026-05-28T22:31:35Z,1517.43333333,8,8,32,96,88,95,6.22372222222,6.22372222222,0,0.119237087319,/home/erikg/elman/benchmark_results/cmaes_1270M_ctx2k_baselines_warm512_20260526/mamba2/mamba2_20260527_183522/generations.jsonl
Mamba2,mamba2,primary_or_failed_v2,ctx2k_mamba2,ctx2k_mamba2,partial_no_results_json,2,1,2026-05-29T00:50:41Z,1656.53333333,8,8,32,104,96,103,6.22195034965,6.22195034965,1,0.127975200844,/home/erikg/elman/benchmark_results/cmaes_1270M_ctx2k_baselines_warm512_20260526/mamba2/mamba2_20260527_183522/generations.jsonl
Mamba2,mamba2,primary_or_failed_v2,ctx2k_mamba2,ctx2k_mamba2,partial_no_results_json,3,1,2026-05-29T03:07:42Z,1793.55,8,8,32,112,104,111,6.15755135135,6.15755135135,0,0.12278859013,/home/erikg/elman/benchmark_results/cmaes_1270M_ctx2k_baselines_warm512_20260526/mamba2/mamba2_20260527_183522/generations.jsonl
Mamba2,mamba2,primary_or_failed_v2,ctx2k_mamba2,ctx2k_mamba2,partial_no_results_json,4,1,2026-05-29T05:21:43Z,1927.56666667,8,8,48,120,112,119,6.17201608392,6.15755135135,1,0.120710013665,/home/erikg/elman/benchmark_results/cmaes_1270M_ctx2k_baselines_warm512_20260526/mamba2/mamba2_20260527_183522/generations.jsonl
Mamba2,mamba2,primary_or_failed_v2,ctx2k_mamba2,ctx2k_mamba2,partial_no_results_json,5,1,2026-05-29T07:39:42Z,2065.55,8,8,32,128,120,127,6.1930528169,6.15755135135,2,0.123673448125,/home/erikg/elman/benchmark_results/cmaes_1270M_ctx2k_baselines_warm512_20260526/mamba2/mamba2_20260527_183522/generations.jsonl
Mamba2,mamba2,primary_or_failed_v2,ctx2k_mamba2,ctx2k_mamba2,partial_no_results_json,6,1,2026-05-29T09:53:38Z,2199.48333333,8,8,48,136,128,135,6.20372697368,6.15755135135,3,0.139294508213,/home/erikg/elman/benchmark_results/cmaes_1270M_ctx2k_baselines_warm512_20260526/mamba2/mamba2_20260527_183522/generations.jsonl
Mamba2,mamba2,primary_or_failed_v2,ctx2k_mamba2,ctx2k_mamba2,partial_no_results_json,7,1,2026-05-29T12:04:47Z,2330.63333333,8,8,32,144,136,143,6.09837701863,6.09837701863,0,0.158539884272,/home/erikg/elman/benchmark_results/cmaes_1270M_ctx2k_baselines_warm512_20260526/mamba2/mamba2_20260527_183522/generations.jsonl
Mamba2,mamba2,primary_or_failed_v2,ctx2k_mamba2,ctx2k_mamba2,partial_no_results_json,8,1,2026-05-29T14:22:12Z,2468.05,8,8,32,152,144,151,6.18393636364,6.09837701863,1,0.159126562714,/home/erikg/elman/benchmark_results/cmaes_1270M_ctx2k_baselines_warm512_20260526/mamba2/mamba2_20260527_183522/generations.jsonl
Transformer,transformer,primary_or_failed_v2,ctx2k_transformer,ctx2k_transformer,complete_usable,0,0,2026-05-26T05:33:29Z,0,8,8,32,8,0,7,5.93574577114,5.93574577114,0,0.127060090424,/home/erikg/elman/benchmark_results/cmaes_1270M_ctx2k_baselines_warm512_20260526/transformer/transformer_20260526_031319/generations.jsonl
Transformer,transformer,primary_or_failed_v2,ctx2k_transformer,ctx2k_transformer,complete_usable,1,0,2026-05-26T07:51:22Z,137.883333333,8,8,32,16,8,15,5.94353068182,5.93574577114,1,0.117788649672,/home/erikg/elman/benchmark_results/cmaes_1270M_ctx2k_baselines_warm512_20260526/transformer/transformer_20260526_031319/generations.jsonl
Transformer,transformer,primary_or_failed_v2,ctx2k_transformer,ctx2k_transformer,complete_usable,2,0,2026-05-26T10:09:04Z,275.583333333,8,8,32,24,16,23,5.92272105263,5.92272105263,0,0.114129328006,/home/erikg/elman/benchmark_results/cmaes_1270M_ctx2k_baselines_warm512_20260526/transformer/transformer_20260526_031319/generations.jsonl
Transformer,transformer,primary_or_failed_v2,ctx2k_transformer,ctx2k_transformer,complete_usable,3,0,2026-05-26T12:22:15Z,408.766666667,8,8,32,32,24,31,5.99813362445,5.92272105263,1,0.122899542029,/home/erikg/elman/benchmark_results/cmaes_1270M_ctx2k_baselines_warm512_20260526/transformer/transformer_20260526_031319/generations.jsonl
Transformer,transformer,primary_or_failed_v2,ctx2k_transformer,ctx2k_transformer,complete_usable,4,0,2026-05-26T14:31:23Z,537.9,8,8,32,40,32,39,5.91011811224,5.91011811224,0,0.111541358059,/home/erikg/elman/benchmark_results/cmaes_1270M_ctx2k_baselines_warm512_20260526/transformer/transformer_20260526_031319/generations.jsonl
Transformer,transformer,primary_or_failed_v2,ctx2k_transformer,ctx2k_transformer,complete_usable,5,0,2026-05-26T16:39:38Z,666.15,8,8,32,48,40,47,5.97540605263,5.91011811224,1,0.10262471996,/home/erikg/elman/benchmark_results/cmaes_1270M_ctx2k_baselines_warm512_20260526/transformer/transformer_20260526_031319/generations.jsonl
Transformer,transformer,primary_or_failed_v2,ctx2k_transformer,ctx2k_transformer,complete_usable,6,0,2026-05-26T18:47:24Z,793.916666667,8,8,32,56,48,55,5.99726568365,5.91011811224,2,0.0959959619638,/home/erikg/elman/benchmark_results/cmaes_1270M_ctx2k_baselines_warm512_20260526/transformer/transformer_20260526_031319/generations.jsonl
Transformer,transformer,primary_or_failed_v2,ctx2k_transformer,ctx2k_transformer,complete_usable,7,0,2026-05-26T20:55:59Z,922.5,8,8,32,64,56,63,5.98324168798,5.91011811224,3,0.0894586675338,/home/erikg/elman/benchmark_results/cmaes_1270M_ctx2k_baselines_warm512_20260526/transformer/transformer_20260526_031319/generations.jsonl
Transformer,transformer,primary_or_failed_v2,ctx2k_transformer,ctx2k_transformer,complete_usable,0,1,2026-05-26T23:06:15Z,1052.76666667,8,8,64,72,64,71,6.19813896104,6.19813896104,0,0.129926214823,/home/erikg/elman/benchmark_results/cmaes_1270M_ctx2k_baselines_warm512_20260526/transformer/transformer_20260526_031319/generations.jsonl
Transformer,transformer,primary_or_failed_v2,ctx2k_transformer,ctx2k_transformer,complete_usable,1,1,2026-05-27T01:20:05Z,1186.6,8,8,32,80,72,79,6.09303529412,6.09303529412,0,0.127693536411,/home/erikg/elman/benchmark_results/cmaes_1270M_ctx2k_baselines_warm512_20260526/transformer/transformer_20260526_031319/generations.jsonl
Transformer,transformer,primary_or_failed_v2,ctx2k_transformer,ctx2k_transformer,complete_usable,2,1,2026-05-27T03:35:16Z,1321.78333333,8,8,48,88,80,87,6.10273333333,6.09303529412,1,0.125015443506,/home/erikg/elman/benchmark_results/cmaes_1270M_ctx2k_baselines_warm512_20260526/transformer/transformer_20260526_031319/generations.jsonl
Transformer,transformer,primary_or_failed_v2,ctx2k_transformer,ctx2k_transformer,complete_usable,3,1,2026-05-27T05:48:18Z,1454.81666667,8,8,32,96,88,95,6.03589382022,6.03589382022,0,0.112711695031,/home/erikg/elman/benchmark_results/cmaes_1270M_ctx2k_baselines_warm512_20260526/transformer/transformer_20260526_031319/generations.jsonl
Transformer,transformer,primary_or_failed_v2,ctx2k_transformer,ctx2k_transformer,complete_usable,4,1,2026-05-27T08:00:59Z,1587.5,8,8,32,104,96,103,6.08369428571,6.03589382022,1,0.107847155824,/home/erikg/elman/benchmark_results/cmaes_1270M_ctx2k_baselines_warm512_20260526/transformer/transformer_20260526_031319/generations.jsonl
Transformer,transformer,primary_or_failed_v2,ctx2k_transformer,ctx2k_transformer,complete_usable,5,1,2026-05-27T10:17:14Z,1723.75,8,8,32,112,104,111,5.98945157895,5.98945157895,0,0.0973933375859,/home/erikg/elman/benchmark_results/cmaes_1270M_ctx2k_baselines_warm512_20260526/transformer/transformer_20260526_031319/generations.jsonl
Transformer,transformer,primary_or_failed_v2,ctx2k_transformer,ctx2k_transformer,complete_usable,6,1,2026-05-27T12:32:21Z,1858.86666667,8,8,32,120,112,119,5.98195347594,5.98195347594,1,0.0906192174343,/home/erikg/elman/benchmark_results/cmaes_1270M_ctx2k_baselines_warm512_20260526/transformer/transformer_20260526_031319/generations.jsonl
Transformer,transformer,primary_or_failed_v2,ctx2k_transformer,ctx2k_transformer,complete_usable,7,1,2026-05-27T14:46:39Z,1993.16666667,8,8,48,128,120,127,5.96050421053,5.96050421053,0,0.0884519112105,/home/erikg/elman/benchmark_results/cmaes_1270M_ctx2k_baselines_warm512_20260526/transformer/transformer_20260526_031319/generations.jsonl
Transformer,transformer,primary_or_failed_v2,ctx2k_transformer,ctx2k_transformer,complete_usable,8,1,2026-05-27T17:00:49Z,2127.33333333,8,8,16,136,128,135,5.96901231156,5.96050421053,1,0.0824559365783,/home/erikg/elman/benchmark_results/cmaes_1270M_ctx2k_baselines_warm512_20260526/transformer/transformer_20260526_031319/generations.jsonl
Transformer,transformer,primary_or_failed_v2,ctx2k_transformer,ctx2k_transformer,complete_usable,9,1,2026-05-27T19:11:21Z,2257.86666667,8,8,32,144,136,143,5.90459215686,5.90459215686,0,0.0808056298836,/home/erikg/elman/benchmark_results/cmaes_1270M_ctx2k_baselines_warm512_20260526/transformer/transformer_20260526_031319/generations.jsonl
Transformer,transformer,primary_or_failed_v2,ctx2k_transformer,ctx2k_transformer,complete_usable,10,1,2026-05-27T21:22:40Z,2389.18333333,8,8,32,152,144,151,5.9128581864,5.90459215686,1,0.0736735634387,/home/erikg/elman/benchmark_results/cmaes_1270M_ctx2k_baselines_warm512_20260526/transformer/transformer_20260526_031319/generations.jsonl
Transformer,transformer,primary_or_failed_v2,ctx2k_transformer,ctx2k_transformer,complete_usable,11,1,2026-05-27T23:32:56Z,2519.45,8,8,32,160,152,159,5.92727747989,5.90459215686,2,0.0733377332471,/home/erikg/elman/benchmark_results/cmaes_1270M_ctx2k_baselines_warm512_20260526/transformer/transformer_20260526_031319/generations.jsonl
